{
  "Carbonated drinks": {
    "precision": 0.0,
    "recall": 0.0,
    "f1-score": 0.0,
    "support": 5
  },
  "Fresh Juice": {
    "precision": 0.9122807017543859,
    "recall": 0.9811320754716981,
    "f1-score": 0.9454545454545454,
    "support": 53
  },
  "accuracy": 0.896551724137931,
  "macro avg": {
    "precision": 0.45614035087719296,
    "recall": 0.49056603773584906,
    "f1-score": 0.4727272727272727,
    "support": 58
  },
  "weighted avg": {
    "precision": 0.8336358136721113,
    "recall": 0.896551724137931,
    "f1-score": 0.8639498432601881,
    "support": 58
  }
}